{"cameraMode":{"drawMode":0,"name":"Shaded","section":"Shading Mode"},"sceneLighting":true,"audioPlay":false,"sceneViewState":{"m_AlwaysRefresh":false,"showFog":true,"showSkybox":true,"showFlares":true,"showImageEffects":true,"showParticleSystems":true,"showVisualEffectGraphs":true,"m_FxEnabled":true},"in2DMode":false,"pivot":{"x":-1.6516832113265992,"y":0.9699159264564514,"z":1.8317573070526124},"rotation":{"x":0.11784398555755615,"y":0.27617502212524416,"z":-0.034141890704631808,"w":0.9532451629638672},"size":5.770798683166504,"orthographic":false}